You Find the Villains' Lair	AFR
Pixie Guide	AFR
Arborea Pegasus	AFR
Bull's Strength	AFR
Hoard Robber	AFR
Dueling Rapier	AFR
Contact Other Plane	AFR
You're Ambushed on the Road	AFR
Spiked Pit Trap	AFR
Thieves' Tools	AFR
Orcus, Prince of Undeath	AFR
Choose Your Weapon	AFR
Demogorgon's Clutches	AFR
Power of Persuasion	AFR
Barrier of Bones	GRN
Burglar Rat	GRN
Candlelight Vigil	GRN
Dimir Guildgate	GRN
Direct Current	GRN
Fresh-Faced Recruit	GRN
Generous Stray	GRN
Loxodon Restorer	GRN
Notion Rain	GRN
Pack's Favor	GRN
Wishcoin Crab	GRN
Firemind's Research	GRN
Electrostatic Field	GRN
Gird for Battle	GRN
Hellkite Whelp	GRN
Excavation Mole	IKO
Evolving Wilds	IKO
Convolute	IKO
Adventurous impulse	IKO
Blitz leech	IKO
Checkpoint Officer	IKO
Drannith Stinger	IKO
Thieving Otter	IKO
Sudden Spinnerets	IKO
Quartzwood Crasher	IKO
Mystic Subdual	IKO
Zenith Flare	IKO
Ketria Crystal	IKO
Coordinated Charge	IKO
Act of Treason	M19
Aven Wind Mage	M19
Duress	M19
Ghostform	M19
Infectious Horror	M19
Pegasus Courser	M19
Root Snare	M19
Talons of Wildwood	M19
Tormenting Voice	M19
Tranquil Expanse	M19
Fraying Omnipotence	M19
Herald of Faith	M19
Regal Bloodlord	M19
Skilled Animator	M19
Suspicious Bookcase	M19
Anticipate	M20
Barony Vampire	M20
Ferocious Pup	M20
Frilled Sea Serpent	M20
Goblin Bird-Grabber	M20
Griffin Sentinel	M20
Marauder's Axe	M20
Raise the Alarm	M20
Sorcerer of the Fang	M20
Steadfast Sentry	M20
Swiftwater Cliffs	M20
Scheming Symmetry	M20
Gruesome Scourger	M20
Scholar of the Ages	M20
Wolfrider's Saddle	M20
Celestial Enforcer	M21
Colossal Dreadmaw	M21
Crypt Lurker	M21
Finishing Blow	M21
Hobblefiend	M21
Infernal Scarring	M21
Library Larcenist	M21
Mistral Singer	M21
Turret Ogre	M21
Peer into the Abyss	M21
Carrion Grub	M21
Chrome Replicator	M21
Rewind	M21
Teferi's Tutelage	M21
Bat Whisperer	MID
Cathar Commando	MID
Duress	MID
Harvesttide Sentry	MID
Homestead Courage	MID
Island	MID
Larder Zombie	MID
Mourning Patrol // Morning Apparition	MID
Neonate's Rush	MID
Shadowbeast Sighting	MID
Startle	MID
Tovolar's Huntmaster // Tovolar's Packleader	MID
Dissipate	MID
Foul Play	MID
Ritual of Hope	MID
Agency Coroner	MKM
Cold Case Cracker	MKM
Dog Walker	MKM
Offender at Large	MKM
Sanitation Automaton	MKM
Shady Informant	MKM
Vengeful Creeper	MKM
Expedited Inheritance	MKM
Case of the Gateway Express	MKM
Case of the Gorgon's Kiss	MKM
Case of the Shattered Pact	MKM
Deadly Complication	MKM
Neighborhood Guardian	MKM
Act of Treason	RNA
Arrester's Zeal	RNA
Chillbringer	RNA
Consign to the Pit	RNA
Get the Point	RNA
Rakdos Guildgate	RNA
Rakdos Locket	RNA
Shimmer of Possibility	RNA
Sphinx's Insight	RNA
Spikewheel Acrobat	RNA
Sylvan Brushstrider	RNA
Captive Audience	RNA
Gatebreaker Ram	RNA
Tin Street Dodger	RNA
Windstorm Drake	RNA
Blood Servitor	VOW
Desperate Farmer // Depraved Harvester	VOW
Gift of Fangs	VOW
Kessig Flamebreather	VOW
Massive Might	VOW
Nebelgast Beguiler	VOW
Repository Skaab	VOW
Spore Crawler	VOW
Sure Strike	VOW
Wretched Throng	VOW
Crawling Infestation	VOW
Lambholt Raconteur // Lambholt Ravager	VOW
Skulking Killer	VOW
Howling Moon	VOW
Band Together	WAR
Duskmantle Operative	WAR
Invading Manticore	WAR
Jaya's Greeting	WAR
Kaya's Ghostform	WAR
Pouncing Lynx	WAR
Rising Populace	WAR
Thunder Drake	WAR
Toll of the Invasion	WAR
Wall of Runes	WAR
Nissa, Who Shakes the World	WAR
Heartwarming Redemption	WAR
Interplanar Beacon	WAR
Jace's Triumph	WAR
Greenbelt Rampager	AER
Fatal Push	AER
Consulate Dreadnought	AER
Gonti's Machinations	AER
Ghirapur Osprey	AER
Prey Upon	AER
Bastion Enforcer	AER
Aegis Automaton	AER
Universal Solvent	AER
Daring Demolition	AER
Lathnu Sailback	AER
Sweatworks Brawler	AER
Aether Swooper	AER
Consulate Turret	AER
Forest	AER
Ketramose the New Dawn	DFT
Explosive Getaway	DFT
Greenbelt Guardian	DFT
Pacesetter Paragon	DFT
Hour of Victory	DFT
Thunderhead Gunner	DFT
Wreck Remover	DFT
Starting Column	DFT
Gilded Ghoda	DFT
Swiftwing Assailant	DFT
Beastrider Vanguard	DFT
Glitch Ghost Surveyor	DFT
Pactdoll Terror	DFT
Wind-Scarred Crag	DFT
Confiscation Coup	KLD
Refurbish	KLD
Ballista Charger	KLD
Embraal Bruiser	KLD
Peema Outrider	KLD
Tasseled Dromedary	KLD
Acrobatic Maneuver	KLD
Prophetic Prism	KLD
Fireforger's Puzzleknot	KLD
Glassblower's Puzzleknot	KLD
Wily Bandar	KLD
Wind Drake	KLD
Reckless Fireweaver	KLD
Lawless Broker	KLD
Swamp	KLD
Unholy Hunger	ORI
Infectious Bloodlust	ORI
Llanowar Empath	ORI
Touch of Moonglove	ORI
Boggart Brute	ORI
Aerial Volley	ORI
Grasp of the Hieromancer	ORI
Maritime Guard	ORI
Gold-Forged Sentinel	ORI
Clash of Wills	ORI
Murder Investigation	ORI
Yoked Ox	ORI
Caves of Koilos	ORI
Celestial Flare	ORI
Serra Disciple	DOM
Bloodstone Goblin	DOM
Arbor Armament	DOM
Caligo Skin-Witch	DOM
Unwind	DOM
Excavation Elephant	DOM
Mesa Unicorn	DOM
Voltaic Servant	DOM
Blink of an Eye	DOM
Skittering Surveyor	DOM
Cast Down	DOM
Fungal Plots	DOM
Yargle, Glutton of Urborg	DOM
Territorial Allosaurus	DOM
Mending Touch	DGM
Uncovered Clues	DGM
Golgari Cluestone	DGM
Azorius Cluestone	DGM
Hired Torturer	DGM
Nivix Cyclops	DGM
Sinister Possession	DGM
Maze Glider	DGM
Selesnya Cluestone	DGM
Clear a Path	DGM
Showstopper	DGM
Woodlot Crawler	DGM
Blast of Genius	DGM
Varolz, the Scar-Striped	DGM
Boros Guildgate	DGM
Gutter Skulk	GTC
Disciple of the Old Ways	GTC
Scatter Arc	GTC
Structural Collapse	GTC
Grisly Spectacle	GTC
Mugging	GTC
Death's Approach	GTC
Balustrade Spy	GTC
Guildscorn Ward	GTC
Furious Resistance	GTC
Skarrg Guildmage	GTC
Debtor's Pulpit	GTC
Knight of Obligation	GTC
Blind Obedience	GTC
Island	GTC
Frostburn Weird	RTR
Selesnya Sentry	RTR
Golgari Keyrune	RTR
Island	RTR
Rootborn Defenses	RTR
Cremate	RTR
Blustersquall	RTR
Launch Party	RTR
Viashino Racketeer	RTR
Explosive Impact	RTR
Pithing Needle	RTR
Catacomb Slug	RTR
Sundering Growth	RTR
Downsize	RTR
Teleportal	RTR